PRAGMA foreign_keys=OFF;
BEGIN TRANSACTION;
CREATE TABLE film
(
    fkod      integer,
    filmcim   text,
    szines    integer,
    szinkron  text,
    szarmazas text,
    mufaj     text,
    hossz     integer
);
INSERT INTO film VALUES(1,'Ágnes öcsénk',-1,'fel','német','dráma',115);
INSERT INTO film VALUES(2,'Az állomásfőnök',-1,'mb','amerikai','dráma',88);
INSERT INTO film VALUES(3,'Álmodozók',-1,'fel','angol-francia-olasz','dráma',110);
INSERT INTO film VALUES(4,'Amelie csodálatos élete',-1,'mb','francia-német','vígjáték',117);
INSERT INTO film VALUES(5,'Annie Hall',-1,'mb','amerikai','vígjáték',89);
INSERT INTO film VALUES(6,'Anyám a lányokat szereti',-1,'fel','spanyol','vígjáték',96);
INSERT INTO film VALUES(7,'Anyátlanok',-1,'fel','japán','játékfilm',141);
INSERT INTO film VALUES(8,'Apokalipszis most - rendezői változat',-1,'fel','amerikai','dráma',202);
INSERT INTO film VALUES(9,'Apokalipszis most I-II;',-1,'fel','amerikai','dráma',159);
INSERT INTO film VALUES(10,'Arizonai Álmodozók',-1,'mb','amerikai','dráma',135);
INSERT INTO film VALUES(11,'Bábok',-1,'mb','japán','dráma',109);
INSERT INTO film VALUES(12,'Beszllj hozzá!',-1,'mb','spanyol','dráma',109);
INSERT INTO film VALUES(13,'Bin-jip - Lopakodó lelkek',-1,'fel','dél-koreai-japán','dráma',88);
INSERT INTO film VALUES(14,'A bíró és a hóhér',-1,'mb','NSZK-olasz','krimi',90);
INSERT INTO film VALUES(15,'Broken Flowers - Hervadó virágok',-1,'fel','amerikai-francia','vígjáték',105);
INSERT INTO film VALUES(16,'A bűvös körhinta',-1,'mb','francia','animációs',85);
INSERT INTO film VALUES(17,'Cápasrác és Lávalány kalandjai',-1,'mb','amerikai','kalandfilm',112);
INSERT INTO film VALUES(18,'Charlie és a csokigyár',-1,'mb','amerikai-angol','vígjáték',106);
INSERT INTO film VALUES(19,'Che Guevara: A motoros naplója',0,'fel','amerikai-angol-argentin-német','dráma',128);
INSERT INTO film VALUES(20,'Csak szex és més semmi',-1,NULL,'magyar','vígjáték',93);
INSERT INTO film VALUES(21,'Csodacsibe',-1,'mb','amerikai','animációs',77);
INSERT INTO film VALUES(22,'csodálatos Júlia',-1,'mb','kanadai',NULL,104);
INSERT INTO film VALUES(23,'Datolya',-1,'fel','belga-francia-tunéziai',NULL,82);
INSERT INTO film VALUES(24,'Dig! - Ezt kapd ki!',-1,'fel','amerikai','dokumentum',107);
INSERT INTO film VALUES(25,'A diktátor',0,'mb','amerikai','filmszatíra',120);
INSERT INTO film VALUES(26,'Dogville - A menedék',-1,'fel','dán-svéd-norvég-német-finn-olasz-japán-angol-amerikai','dráma',177);
INSERT INTO film VALUES(27,'Domino',-1,'fel','francia-amerikai','akció',127);
INSERT INTO film VALUES(28,'Durr; durr és csók',-1,'fel','amerikai','thriller',103);
INSERT INTO film VALUES(29,'Edukators',-1,'fel','német-osztrák','játékfilm',127);
INSERT INTO film VALUES(30,'Egy cipőben',-1,'fel','amerikai','vígjáték',130);
INSERT INTO film VALUES(31,'Egy hulla, egy falafel és a többieké',-1,'fel','ausztrál-olasz','vígjáték',107);
INSERT INTO film VALUES(32,'Egy szoknya, egy nadrág',-1,NULL,'magyar','vígjáték',95);
INSERT INTO film VALUES(33,'Elveszett jelentés',-1,'mb','amerikai-japán','dráma',102);
INSERT INTO film VALUES(34,'Én, Pán Péter',-1,'fel','angol-amerikai','dráma',106);
INSERT INTO film VALUES(35,'Eros',-1,'fel','amerikai-olasz-hongkongi-kínai-francia-luxemburgi-angol','dráma',104);
INSERT INTO film VALUES(36,'Fej vagy írás',-1,NULL,'magyar','vígjáték',90);
INSERT INTO film VALUES(37,'Fekete Kefe',0,NULL,'magyar','vígjáték',80);
INSERT INTO film VALUES(38,'A fény ösvényei',-1,NULL,'magyar','dráma',89);
INSERT INTO film VALUES(39,'Futball faktor',-1,'fel','angol','dráma',91);
INSERT INTO film VALUES(40,'Fírász 2',-1,'fel','amerikai','thriller',93);
INSERT INTO film VALUES(41,'Galaxis útikalauz stopposoknak',-1,'fel','amerikai-angol','vígjáték',110);
INSERT INTO film VALUES(42,'Garfield',-1,'mb','amerikai','vígjáték',81);
INSERT INTO film VALUES(43,'Genezis',-1,'mb','francia-olasz','természetfilm',81);
INSERT INTO film VALUES(44,'Getno',-1,NULL,'magyar','játékfilm',95);
INSERT INTO film VALUES(45,'Grimm',-1,'fel','cseh-amerikai','fantasy',118);
INSERT INTO film VALUES(46,'Ha igaz volna',-1,'fel','amerikai','vígjáték',95);
INSERT INTO film VALUES(47,'A halott menyasszony',-1,'fel','angol','animációs',78);
INSERT INTO film VALUES(48,'Harry Potter és a Tűz Serlege',-1,'mb','amerikai','fantasy',157);
INSERT INTO film VALUES(49,'Hawaii, Oslo',-1,'fel','dán-svéd-norvég','dráma',125);
INSERT INTO film VALUES(50,'A hetedik nap',-1,'fel','spanyol','dráma',103);
INSERT INTO film VALUES(51,'Hétköznapi mennyország',-1,'fel','svéd','dráma',130);
INSERT INTO film VALUES(52,'Híd a Kwai folyón',-1,'mb','angol-amerikai','dráma',161);
INSERT INTO film VALUES(53,'Hideg csontok',-1,'fel','spanyol','thriller',100);
INSERT INTO film VALUES(54,'Holdfényív',-1,'mb','amerikai','dráma',117);
INSERT INTO film VALUES(55,'Hölgyek levendulában',-1,'fel','angol','dráma',103);
INSERT INTO film VALUES(56,'Hés',-1,'mb','hongkongi',NULL,96);
INSERT INTO film VALUES(57,'A hősök nem pihennek',-1,NULL,'francia-osztrák','dráma',104);
INSERT INTO film VALUES(58,'Human Traffic',-1,NULL,'angol-ír','vígjáték',99);
INSERT INTO film VALUES(59,'Hurrá, nyaralunk!',0,'mb','szovjet','ifjúsági',74);
INSERT INTO film VALUES(60,'Az igazi Mikulés',-1,NULL,'magyar','játékfilm',90);
INSERT INTO film VALUES(61,'Az igazság fogságában',-1,'fel','kanadai',NULL,108);
INSERT INTO film VALUES(62,'Az ígéret - fényes nappal történt',0,'fel','NSZK-svájci-spanyol','krimi',90);
INSERT INTO film VALUES(63,'Az ígéret megszállotja',-1,'fel','amerikai','dráma',124);
INSERT INTO film VALUES(64,'Intimités',-1,'mb','francia-angol-német-spanyol','dráma',115);
INSERT INTO film VALUES(65,'Isten vírosa',-1,'mb','brazil-francia','dráma',130);
INSERT INTO film VALUES(66,'Játszik még a szív',-1,'fel','angol','vígjáték',100);
INSERT INTO film VALUES(67,'Johanna',-1,NULL,'magyar','operafilm',90);
INSERT INTO film VALUES(68,'Kairó bíbor rózsája',-1,'mb','amerikai','vígjáték',84);
INSERT INTO film VALUES(69,'Kávé és cigaretta',0,'fel','amerikai','zenés',95);
INSERT INTO film VALUES(70,'Kész cirkusz',-1,NULL,'magyar','vígjáték',74);
INSERT INTO film VALUES(71,'A kilencedik nap',-1,'fel','német-luxemburgi','dráma',98);
INSERT INTO film VALUES(72,'King Kong',-1,'mb','új-zélandi',NULL,188);
INSERT INTO film VALUES(73,'Kontroll',-1,NULL,'magyar','thriller',102);
INSERT INTO film VALUES(74,'Kőkemény család',-1,'mb','amerikai','vígjáték',104);
INSERT INTO film VALUES(75,'A közvetítő',-1,NULL,'magyar','dokumentum',89);
INSERT INTO film VALUES(76,'Kulcsír & Haverok',-1,NULL,'magyar',NULL,80);
INSERT INTO film VALUES(77,'Kutyaszorítóban',-1,'fel','amerikai','thriller',99);
INSERT INTO film VALUES(78,'Kutyátlanok kíméljenek',-1,'fel','amerikai','vígjáték',98);
INSERT INTO film VALUES(79,'Lakótársat keresünk',-1,'fel','francia-spanyol','vígjáték',120);
INSERT INTO film VALUES(80,'Leány gyöngy fülbevalóval',-1,'fel','angol-luxemburgi','dráma',95);
INSERT INTO film VALUES(81,'Légcsavar',-1,'fel','amerikai','thriller',98);
INSERT INTO film VALUES(82,'A legtöbb ember Kínában él',-1,'fel','norvég','dráma',82);
INSERT INTO film VALUES(83,'Lélektől lélekig',-1,'fel','francia-dél-afrikai-angol','kalandfilm',122);
INSERT INTO film VALUES(84,'Madagaszkör',-1,'mb','amerikai','animációs',80);
INSERT INTO film VALUES(85,'Magyar vándor',-1,NULL,'magyar','vígjáték',110);
INSERT INTO film VALUES(86,'Manderlay',-1,'fel','dán-svéd-francia-német-amerikai','dráma',139);
INSERT INTO film VALUES(87,'Manhattan',0,'mb','amerikai','vígjáték',96);
INSERT INTO film VALUES(88,'Maszájok',-1,'fel','francia','dráma',94);
INSERT INTO film VALUES(89,'Még mindig lakótársat keresünk',-1,'fel','francia-angol','vígjáték',125);
INSERT INTO film VALUES(90,'Melinda és Melinda',-1,'fel','amerikai','vígjáték',100);
INSERT INTO film VALUES(91,'Mennyország most',-1,'fel','francia-német-holland-izrael',NULL,90);
INSERT INTO film VALUES(92,'Mezítlábas szerelem',-1,'fel','német','vígjáték',110);
INSERT INTO film VALUES(93,'Mi a csudát tudunk a világról?',-1,'mb','amerikai','játékfilm',108);
INSERT INTO film VALUES(94,'Mint egy angyal',-1,'fel','francia-olasz','dráma',110);
INSERT INTO film VALUES(95,'Monsieur Ibrahim és a Korán virágai',-1,'fel','francia-török','dráma',94);
INSERT INTO film VALUES(96,'Naqoyqatsi - Erészakos világ',-1,'szív nélkül','amerikai','filmesszó',89);
INSERT INTO film VALUES(97,'Narnia Krónikái - Az oroszlán, a boszorkány és a ruhésszekrény',-1,'mb','amerikai-új-zélandi','fantasy',140);
INSERT INTO film VALUES(98,'Nesze neked, Pete Tong!',-1,'fel','angol-kanadai','vígjáték',90);
INSERT INTO film VALUES(99,'Nézz balra, ott egy svéd!',-1,'fel','dán','vígjáték',90);
INSERT INTO film VALUES(100,'Nyomorultak',-1,'mb','francia-olasz-NDK','dráma',225);
INSERT INTO film VALUES(101,'Oldboy',-1,'fel','dél-koreai','thriller',120);
INSERT INTO film VALUES(102,'Az operaház fantomja',-1,NULL,'amerikai','musical',92);
INSERT INTO film VALUES(103,'Ördögűzés Emily Rose üdvéért',-1,'fel','amerikai','horror',119);
INSERT INTO film VALUES(104,'Pata-csata',-1,'mb','dél-afrikai-amerikai','vígjáték',94);
INSERT INTO film VALUES(105,'Pingvinek vándorlésa',-1,'mb','francia','dokumentum',85);
INSERT INTO film VALUES(106,'A pityergő teve története',-1,'fel','német-mongol','dokumentum',87);
INSERT INTO film VALUES(107,'Ponyvaregény - Pulp Fiction',-1,'fel','amerikai','filmszatíra',150);
INSERT INTO film VALUES(108,'Porcelánbaba',-1,NULL,'magyar','dráma',74);
INSERT INTO film VALUES(109,'Rap, Revü, Rómeó',-1,NULL,'magyar','vígjáték',82);
INSERT INTO film VALUES(110,'A Rashevski tangó',-1,'fel','belga-luxemburgi-francia',NULL,90);
INSERT INTO film VALUES(111,'Rekonstrukció',-1,'mb','dán','dráma',88);
INSERT INTO film VALUES(112,'A repülő török klónja',-1,'fel','kínai-hongkongi','akció',111);
INSERT INTO film VALUES(113,'A rövidek éjszakája',-1,'fel','francia-angol-spanyol-dán','rövidfilm',68);
INSERT INTO film VALUES(114,'Segítség, hal lettem!',-1,'mb','dán-ír-német','animációs',80);
INSERT INTO film VALUES(115,'Senki nem tud semmit',0,'mb','csehszlovák','vígjáték',70);
INSERT INTO film VALUES(116,'Sin City',-1,'mb','amerikai','akció',124);
INSERT INTO film VALUES(117,'Sóhajtenger - Kuba',0,NULL,'magyar','rövidfilm',5);
INSERT INTO film VALUES(118,'Egy sorozatgyilkos nyara',-1,'mb','amerikai','dráma',136);
INSERT INTO film VALUES(119,'A sötétség útja - Mulholland Drive',-1,'mb','amerikai-francia','dráma',141);
INSERT INTO film VALUES(120,'Stalker',-1,'fel','szovjet-NSZK','sci-fi',160);
INSERT INTO film VALUES(121,'Super Size Me',-1,'fel','amerikai','dokumentum',96);
INSERT INTO film VALUES(122,'Szamszíra',-1,'mb','indiai-német-francia-olasz','dráma',140);
INSERT INTO film VALUES(123,'Szent Lajos király Hídja',-1,'fel','spanyol',NULL,120);
INSERT INTO film VALUES(124,'A szenvedélyek labirintusa',-1,'mb','spanyol','játékfilm',100);
INSERT INTO film VALUES(125,'Szerelmem nyara',-1,'fel','angol','dráma',86);
INSERT INTO film VALUES(126,'Szeress, ha mersz',-1,'mb','francia-belga',NULL,93);
INSERT INTO film VALUES(127,'Szex, szerelem, olaszok',-1,'fel','olasz-svájci-angol','vígjáték',125);
INSERT INTO film VALUES(128,'Szőke Kóla',-1,NULL,'magyar','vígjáték',96);
INSERT INTO film VALUES(129,'Szírke, Mercivel',-1,'fel','jugoszláv-német-szlovén-szerb','vígjáték',95);
INSERT INTO film VALUES(130,'Szírkélet',0,NULL,'magyar','krimi',105);
INSERT INTO film VALUES(131,'Táncos a sötétben',-1,'mb','dán-svéd-francia','dráma',134);
INSERT INTO film VALUES(132,'Tangó és tulipán',-1,'fel','olasz-svájci','vígjáték',112);
INSERT INTO film VALUES(133,'Tapló tóélapó',-1,'fel','amerikai-német','vígjáték',98);
INSERT INTO film VALUES(134,'Tavasz, Nyír, ész, Tél és Tavasz',-1,'mb','dél-koreai-német','dráma',99);
INSERT INTO film VALUES(135,'Tavasz van',0,'fel','olasz','dráma',90);
INSERT INTO film VALUES(136,'Twist Olivér',-1,'mb','angol-cseh-francia-olasz','dráma',130);
INSERT INTO film VALUES(137,'Utazésok egy szerzetessel',-1,NULL,'magyar','dokumentum',65);
INSERT INTO film VALUES(138,'Ütközések',-1,'fel','amerikai-német','dráma',113);
INSERT INTO film VALUES(139,'Üvegfal',-1,NULL,'magyar','játékfilm',87);
INSERT INTO film VALUES(140,'Üvegtigris',-1,NULL,'magyar','vígjáték',100);
INSERT INTO film VALUES(141,'Vad galamb',-1,'mb','angol','animációs',76);
INSERT INTO film VALUES(142,'A vágy törvénye',-1,'fel','spanyol','dráma',102);
INSERT INTO film VALUES(143,'Van élet a halál előtt?',-1,NULL,'magyar','dokumentum',110);
INSERT INTO film VALUES(144,'A vándorló palota',-1,'mb','japán','animációs',119);
INSERT INTO film VALUES(145,'Vera Drake',-1,'fel','angol-francia-új-zélandi','dráma',124);
INSERT INTO film VALUES(146,'világok arca: Baraka',-1,'szöveg nélküli','amerikai','dokumentum',96);
INSERT INTO film VALUES(147,'Vincent, Francois, Paul és a többiek',-1,'mb','francia-olasz','dráma',120);
INSERT INTO film VALUES(148,'Vízcseppek a forró Kávén',-1,'fel','francia','dráma',90);
INSERT INTO film VALUES(149,'Vuk',-1,NULL,'magyar','rajzfilm',74);
INSERT INTO film VALUES(150,'Wallace & Gromit és az Elvetemült Veteménylány',-1,'mb','angol','animációs',94);
INSERT INTO film VALUES(151,'Waterloo Bridge',0,'fel','amerikai','dráma',103);
INSERT INTO film VALUES(152,'Whisky',-1,'fel','uruguayi-argentin-német-spanyol','komédia',99);
INSERT INTO film VALUES(153,'Zorro legendája',-1,'mb','amerikai','kalandfilm',131);
CREATE TABLE hely
(
    fkod     integer,
    moziazon integer
);
INSERT INTO hely VALUES(1,8);
INSERT INTO hely VALUES(1,24);
INSERT INTO hely VALUES(2,37);
INSERT INTO hely VALUES(3,21);
INSERT INTO hely VALUES(3,24);
INSERT INTO hely VALUES(4,21);
INSERT INTO hely VALUES(5,27);
INSERT INTO hely VALUES(6,21);
INSERT INTO hely VALUES(7,24);
INSERT INTO hely VALUES(7,39);
INSERT INTO hely VALUES(8,21);
INSERT INTO hely VALUES(9,27);
INSERT INTO hely VALUES(10,27);
INSERT INTO hely VALUES(11,27);
INSERT INTO hely VALUES(12,24);
INSERT INTO hely VALUES(13,24);
INSERT INTO hely VALUES(13,26);
INSERT INTO hely VALUES(13,39);
INSERT INTO hely VALUES(14,27);
INSERT INTO hely VALUES(15,3);
INSERT INTO hely VALUES(15,24);
INSERT INTO hely VALUES(15,32);
INSERT INTO hely VALUES(15,38);
INSERT INTO hely VALUES(15,39);
INSERT INTO hely VALUES(16,12);
INSERT INTO hely VALUES(17,3);
INSERT INTO hely VALUES(17,6);
INSERT INTO hely VALUES(17,13);
INSERT INTO hely VALUES(18,3);
INSERT INTO hely VALUES(19,24);
INSERT INTO hely VALUES(20,9);
INSERT INTO hely VALUES(20,12);
INSERT INTO hely VALUES(20,13);
INSERT INTO hely VALUES(20,14);
INSERT INTO hely VALUES(20,15);
INSERT INTO hely VALUES(20,20);
INSERT INTO hely VALUES(20,26);
INSERT INTO hely VALUES(20,28);
INSERT INTO hely VALUES(20,29);
INSERT INTO hely VALUES(20,30);
INSERT INTO hely VALUES(20,31);
INSERT INTO hely VALUES(20,32);
INSERT INTO hely VALUES(20,41);
INSERT INTO hely VALUES(21,6);
INSERT INTO hely VALUES(21,7);
INSERT INTO hely VALUES(21,9);
INSERT INTO hely VALUES(21,12);
INSERT INTO hely VALUES(21,13);
INSERT INTO hely VALUES(21,14);
INSERT INTO hely VALUES(21,15);
INSERT INTO hely VALUES(21,20);
INSERT INTO hely VALUES(21,28);
INSERT INTO hely VALUES(21,29);
INSERT INTO hely VALUES(21,30);
INSERT INTO hely VALUES(21,31);
INSERT INTO hely VALUES(22,3);
INSERT INTO hely VALUES(23,36);
INSERT INTO hely VALUES(24,36);
INSERT INTO hely VALUES(25,27);
INSERT INTO hely VALUES(26,24);
INSERT INTO hely VALUES(27,6);
INSERT INTO hely VALUES(27,12);
INSERT INTO hely VALUES(27,13);
INSERT INTO hely VALUES(27,14);
INSERT INTO hely VALUES(27,28);
INSERT INTO hely VALUES(27,29);
INSERT INTO hely VALUES(27,31);
INSERT INTO hely VALUES(28,9);
INSERT INTO hely VALUES(28,12);
INSERT INTO hely VALUES(28,13);
INSERT INTO hely VALUES(28,14);
INSERT INTO hely VALUES(28,20);
INSERT INTO hely VALUES(28,29);
INSERT INTO hely VALUES(28,30);
INSERT INTO hely VALUES(28,31);
INSERT INTO hely VALUES(28,32);
INSERT INTO hely VALUES(29,39);
INSERT INTO hely VALUES(30,30);
INSERT INTO hely VALUES(31,3);
INSERT INTO hely VALUES(32,12);
INSERT INTO hely VALUES(32,14);
INSERT INTO hely VALUES(32,16);
INSERT INTO hely VALUES(33,3);
INSERT INTO hely VALUES(34,3);
INSERT INTO hely VALUES(35,24);
INSERT INTO hely VALUES(36,3);
INSERT INTO hely VALUES(37,3);
INSERT INTO hely VALUES(37,36);
INSERT INTO hely VALUES(38,24);
INSERT INTO hely VALUES(38,42);
INSERT INTO hely VALUES(39,16);
INSERT INTO hely VALUES(40,7);
INSERT INTO hely VALUES(40,9);
INSERT INTO hely VALUES(40,12);
INSERT INTO hely VALUES(40,13);
INSERT INTO hely VALUES(40,15);
INSERT INTO hely VALUES(40,28);
INSERT INTO hely VALUES(40,29);
INSERT INTO hely VALUES(40,30);
INSERT INTO hely VALUES(40,31);
INSERT INTO hely VALUES(41,21);
INSERT INTO hely VALUES(42,41);
INSERT INTO hely VALUES(43,3);
INSERT INTO hely VALUES(43,38);
INSERT INTO hely VALUES(43,41);
INSERT INTO hely VALUES(44,12);
INSERT INTO hely VALUES(44,13);
INSERT INTO hely VALUES(45,29);
INSERT INTO hely VALUES(45,39);
INSERT INTO hely VALUES(45,41);
INSERT INTO hely VALUES(46,12);
INSERT INTO hely VALUES(46,13);
INSERT INTO hely VALUES(46,14);
INSERT INTO hely VALUES(46,28);
INSERT INTO hely VALUES(46,29);
INSERT INTO hely VALUES(46,31);
INSERT INTO hely VALUES(47,20);
INSERT INTO hely VALUES(47,39);
INSERT INTO hely VALUES(47,42);
INSERT INTO hely VALUES(48,6);
INSERT INTO hely VALUES(48,7);
INSERT INTO hely VALUES(48,9);
INSERT INTO hely VALUES(48,12);
INSERT INTO hely VALUES(48,13);
INSERT INTO hely VALUES(48,14);
INSERT INTO hely VALUES(48,15);
INSERT INTO hely VALUES(48,20);
INSERT INTO hely VALUES(48,28);
INSERT INTO hely VALUES(48,29);
INSERT INTO hely VALUES(48,30);
INSERT INTO hely VALUES(48,31);
INSERT INTO hely VALUES(49,37);
INSERT INTO hely VALUES(50,8);
INSERT INTO hely VALUES(50,24);
INSERT INTO hely VALUES(51,26);
INSERT INTO hely VALUES(51,37);
INSERT INTO hely VALUES(51,39);
INSERT INTO hely VALUES(52,27);
INSERT INTO hely VALUES(53,6);
INSERT INTO hely VALUES(53,13);
INSERT INTO hely VALUES(53,15);
INSERT INTO hely VALUES(53,28);
INSERT INTO hely VALUES(53,29);
INSERT INTO hely VALUES(53,31);
INSERT INTO hely VALUES(54,3);
INSERT INTO hely VALUES(55,16);
INSERT INTO hely VALUES(55,24);
INSERT INTO hely VALUES(55,32);
INSERT INTO hely VALUES(56,38);
INSERT INTO hely VALUES(57,36);
INSERT INTO hely VALUES(58,16);
INSERT INTO hely VALUES(59,21);
INSERT INTO hely VALUES(60,41);
INSERT INTO hely VALUES(61,16);
INSERT INTO hely VALUES(61,24);
INSERT INTO hely VALUES(61,29);
INSERT INTO hely VALUES(61,37);
INSERT INTO hely VALUES(61,39);
INSERT INTO hely VALUES(61,41);
INSERT INTO hely VALUES(61,42);
INSERT INTO hely VALUES(62,27);
INSERT INTO hely VALUES(63,27);
INSERT INTO hely VALUES(64,24);
INSERT INTO hely VALUES(65,24);
INSERT INTO hely VALUES(66,28);
INSERT INTO hely VALUES(66,29);
INSERT INTO hely VALUES(66,30);
INSERT INTO hely VALUES(66,31);
INSERT INTO hely VALUES(67,24);
INSERT INTO hely VALUES(68,27);
INSERT INTO hely VALUES(69,21);
INSERT INTO hely VALUES(69,36);
INSERT INTO hely VALUES(70,21);
INSERT INTO hely VALUES(71,3);
INSERT INTO hely VALUES(71,21);
INSERT INTO hely VALUES(72,6);
INSERT INTO hely VALUES(72,7);
INSERT INTO hely VALUES(72,9);
INSERT INTO hely VALUES(72,12);
INSERT INTO hely VALUES(72,13);
INSERT INTO hely VALUES(72,14);
INSERT INTO hely VALUES(72,15);
INSERT INTO hely VALUES(72,20);
INSERT INTO hely VALUES(72,28);
INSERT INTO hely VALUES(72,29);
INSERT INTO hely VALUES(72,30);
INSERT INTO hely VALUES(72,31);
INSERT INTO hely VALUES(73,21);
INSERT INTO hely VALUES(74,6);
INSERT INTO hely VALUES(74,9);
INSERT INTO hely VALUES(74,12);
INSERT INTO hely VALUES(74,13);
INSERT INTO hely VALUES(74,14);
INSERT INTO hely VALUES(74,15);
INSERT INTO hely VALUES(74,28);
INSERT INTO hely VALUES(74,29);
INSERT INTO hely VALUES(74,30);
INSERT INTO hely VALUES(74,31);
INSERT INTO hely VALUES(74,32);
INSERT INTO hely VALUES(75,41);
INSERT INTO hely VALUES(76,42);
INSERT INTO hely VALUES(77,21);
INSERT INTO hely VALUES(78,3);
INSERT INTO hely VALUES(79,37);
INSERT INTO hely VALUES(80,37);
INSERT INTO hely VALUES(80,38);
INSERT INTO hely VALUES(81,16);
INSERT INTO hely VALUES(81,29);
INSERT INTO hely VALUES(82,8);
INSERT INTO hely VALUES(83,21);
INSERT INTO hely VALUES(84,12);
INSERT INTO hely VALUES(84,21);
INSERT INTO hely VALUES(84,37);
INSERT INTO hely VALUES(84,41);
INSERT INTO hely VALUES(85,20);
INSERT INTO hely VALUES(86,24);
INSERT INTO hely VALUES(87,27);
INSERT INTO hely VALUES(88,8);
INSERT INTO hely VALUES(89,21);
INSERT INTO hely VALUES(89,38);
INSERT INTO hely VALUES(90,24);
INSERT INTO hely VALUES(91,24);
INSERT INTO hely VALUES(91,26);
INSERT INTO hely VALUES(91,38);
INSERT INTO hely VALUES(92,3);
INSERT INTO hely VALUES(92,24);
INSERT INTO hely VALUES(93,26);
INSERT INTO hely VALUES(93,38);
INSERT INTO hely VALUES(93,41);
INSERT INTO hely VALUES(94,39);
INSERT INTO hely VALUES(95,24);
INSERT INTO hely VALUES(95,36);
INSERT INTO hely VALUES(96,21);
INSERT INTO hely VALUES(97,6);
INSERT INTO hely VALUES(97,7);
INSERT INTO hely VALUES(97,9);
INSERT INTO hely VALUES(97,12);
INSERT INTO hely VALUES(97,13);
INSERT INTO hely VALUES(97,14);
INSERT INTO hely VALUES(97,15);
INSERT INTO hely VALUES(97,28);
INSERT INTO hely VALUES(97,29);
INSERT INTO hely VALUES(97,30);
INSERT INTO hely VALUES(97,31);
INSERT INTO hely VALUES(98,24);
INSERT INTO hely VALUES(98,36);
INSERT INTO hely VALUES(98,39);
INSERT INTO hely VALUES(98,41);
INSERT INTO hely VALUES(98,42);
INSERT INTO hely VALUES(99,39);
INSERT INTO hely VALUES(100,38);
INSERT INTO hely VALUES(101,21);
INSERT INTO hely VALUES(101,28);
INSERT INTO hely VALUES(101,39);
INSERT INTO hely VALUES(102,27);
INSERT INTO hely VALUES(103,12);
INSERT INTO hely VALUES(104,41);
INSERT INTO hely VALUES(105,24);
INSERT INTO hely VALUES(105,26);
INSERT INTO hely VALUES(105,30);
INSERT INTO hely VALUES(105,38);
INSERT INTO hely VALUES(105,41);
INSERT INTO hely VALUES(105,42);
INSERT INTO hely VALUES(106,37);
INSERT INTO hely VALUES(107,24);
INSERT INTO hely VALUES(107,26);
INSERT INTO hely VALUES(107,42);
INSERT INTO hely VALUES(108,24);
INSERT INTO hely VALUES(108,37);
INSERT INTO hely VALUES(109,12);
INSERT INTO hely VALUES(109,13);
INSERT INTO hely VALUES(109,14);
INSERT INTO hely VALUES(110,24);
INSERT INTO hely VALUES(110,26);
INSERT INTO hely VALUES(110,32);
INSERT INTO hely VALUES(110,36);
INSERT INTO hely VALUES(110,39);
INSERT INTO hely VALUES(111,21);
INSERT INTO hely VALUES(112,3);
INSERT INTO hely VALUES(112,21);
INSERT INTO hely VALUES(113,21);
INSERT INTO hely VALUES(114,41);
INSERT INTO hely VALUES(115,27);
INSERT INTO hely VALUES(116,3);
INSERT INTO hely VALUES(116,24);
INSERT INTO hely VALUES(117,24);
INSERT INTO hely VALUES(117,26);
INSERT INTO hely VALUES(117,39);
INSERT INTO hely VALUES(118,21);
INSERT INTO hely VALUES(119,39);
INSERT INTO hely VALUES(120,8);
INSERT INTO hely VALUES(121,21);
INSERT INTO hely VALUES(122,38);
INSERT INTO hely VALUES(123,24);
INSERT INTO hely VALUES(123,32);
INSERT INTO hely VALUES(123,41);
INSERT INTO hely VALUES(124,26);
INSERT INTO hely VALUES(125,24);
INSERT INTO hely VALUES(126,21);
INSERT INTO hely VALUES(127,24);
INSERT INTO hely VALUES(128,6);
INSERT INTO hely VALUES(128,9);
INSERT INTO hely VALUES(128,12);
INSERT INTO hely VALUES(128,13);
INSERT INTO hely VALUES(128,14);
INSERT INTO hely VALUES(128,28);
INSERT INTO hely VALUES(128,29);
INSERT INTO hely VALUES(128,30);
INSERT INTO hely VALUES(128,31);
INSERT INTO hely VALUES(129,37);
INSERT INTO hely VALUES(130,27);
INSERT INTO hely VALUES(131,24);
INSERT INTO hely VALUES(132,24);
INSERT INTO hely VALUES(133,26);
INSERT INTO hely VALUES(134,21);
INSERT INTO hely VALUES(134,38);
INSERT INTO hely VALUES(135,27);
INSERT INTO hely VALUES(136,16);
INSERT INTO hely VALUES(136,24);
INSERT INTO hely VALUES(136,32);
INSERT INTO hely VALUES(136,41);
INSERT INTO hely VALUES(136,42);
INSERT INTO hely VALUES(137,38);
INSERT INTO hely VALUES(138,16);
INSERT INTO hely VALUES(139,37);
INSERT INTO hely VALUES(139,41);
INSERT INTO hely VALUES(140,21);
INSERT INTO hely VALUES(141,3);
INSERT INTO hely VALUES(141,41);
INSERT INTO hely VALUES(142,24);
INSERT INTO hely VALUES(143,38);
INSERT INTO hely VALUES(144,9);
INSERT INTO hely VALUES(144,13);
INSERT INTO hely VALUES(144,24);
INSERT INTO hely VALUES(144,29);
INSERT INTO hely VALUES(144,30);
INSERT INTO hely VALUES(144,41);
INSERT INTO hely VALUES(145,24);
INSERT INTO hely VALUES(146,38);
INSERT INTO hely VALUES(147,27);
INSERT INTO hely VALUES(148,21);
INSERT INTO hely VALUES(149,21);
INSERT INTO hely VALUES(150,6);
INSERT INTO hely VALUES(150,12);
INSERT INTO hely VALUES(150,13);
INSERT INTO hely VALUES(150,14);
INSERT INTO hely VALUES(150,36);
INSERT INTO hely VALUES(151,27);
INSERT INTO hely VALUES(152,37);
INSERT INTO hely VALUES(153,12);
INSERT INTO hely VALUES(153,16);
INSERT INTO hely VALUES(153,41);
INSERT INTO hely VALUES(154,21);
INSERT INTO hely VALUES(154,24);
INSERT INTO hely VALUES(154,37);
INSERT INTO hely VALUES(5,1);
INSERT INTO hely VALUES(4,1);
CREATE TABLE mozi
(
    moziazon integer,
    mozinev  text,
    irszam   integer,
    cim      text,
    telefon  integer
);
INSERT INTO mozi VALUES(1,'A38 Hajo',1113,'Petűfi hŪd budai hŪdfű',4643940);
INSERT INTO mozi VALUES(2,'Bírka Kikötő a Ráday utcában',1092,'Ráday utca',NULL);
INSERT INTO mozi VALUES(3,'Bem',1024,'Margit krt. 5/b.',3168708);
INSERT INTO mozi VALUES(4,'Budapesti Európai Ifjúsági Központ',1024,'Zivatar u. 1-3.',2124080);
INSERT INTO mozi VALUES(5,'Cervantes InTűzet',1000,'Vírásmarty u. 32.',NULL);
INSERT INTO mozi VALUES(6,'Cinema City Csepel Plaza',1212,'Rákóczi Fő. út 154-170.',4258111);
INSERT INTO mozi VALUES(7,'Cinema City Új Udvar',1036,'Bécsi út 38-44.',4378383);
INSERT INTO mozi VALUES(8,'Cirko-Gejzír',1055,'Balassi Bálint u. 15-17.',2690904);
INSERT INTO mozi VALUES(9,'Corvin Budapest Filmpalota',1082,'Corvin köz 1.',4595050);
INSERT INTO mozi VALUES(10,'Erlin 9 galíria',1000,'Ráday utca',NULL);
INSERT INTO mozi VALUES(11,'FilmesHáz',1092,'Ráday utca 31/K',NULL);
INSERT INTO mozi VALUES(12,'Hollywood Multiplex Duna Plaza',1138,'Váci út 178. (Duna Plaza)',4674267);
INSERT INTO mozi VALUES(13,'Hollywood Multiplex Lurdy Ház',1092,'Mester utca és Könyves Kálmán körút sarok',4674267);
INSERT INTO mozi VALUES(14,'Hollywood Multiplex Óbuda',1030,'Bécsi út 154. (Eurocenter)',4674267);
INSERT INTO mozi VALUES(15,'Hollywood Multiplex Pólus',1152,'Szentmihályi út 131.',4674267);
INSERT INTO mozi VALUES(16,'Hunnia',1073,'Erzsébet krt. 26.',NULL);
INSERT INTO mozi VALUES(17,'Jailhouse Club',1094,'IX. kerélet, Tűzoltó utca 22.',9894905);
INSERT INTO mozi VALUES(18,'Jókai klub',1121,'Hollés út 5.',3925452);
INSERT INTO mozi VALUES(19,'Kis Erkel',1000,'Ráday utca',NULL);
INSERT INTO mozi VALUES(20,'Kossuth Mozi',1132,'Váci út 14.',4674260);
INSERT INTO mozi VALUES(21,'Kultiplex',1095,'Kinizsi u. 28.',2190706);
INSERT INTO mozi VALUES(22,'Milleníris Fogadó',1024,'Kisrókus u. 16-20.',4361717);
INSERT INTO mozi VALUES(23,'Műcsarnok',1406,'Hősök tere',NULL);
INSERT INTO mozi VALUES(24,'Művész',1066,'Teréz krt. 30.',3326726);
INSERT INTO mozi VALUES(25,'Művészetek Palotája',1095,'Komor Marcell u. 1.',5553000);
INSERT INTO mozi VALUES(26,'Odeon-Lloyd mozi',1136,'Hollón Ernő utca 7.',3292064);
INSERT INTO mozi VALUES(27,'Örökmozgó',1073,'Erzsébet krt. 39.',3422167);
INSERT INTO mozi VALUES(28,'Palace Campona',1222,'Nagytétényi út 37-43.',3458160);
INSERT INTO mozi VALUES(29,'Palace Mammut',1024,'LövőHáz u. 2-6.',3458160);
INSERT INTO mozi VALUES(30,'Palace MOM Park',1123,'Alkotás út 53.',3458160);
INSERT INTO mozi VALUES(31,'Palace Westend',1062,'Váci út 1-3.',3365555);
INSERT INTO mozi VALUES(32,'Puskin',1053,'Kossuth L. u. 18.',4296080);
INSERT INTO mozi VALUES(33,'Ráday Könyves Ház',1000,'Ráday utca',NULL);
INSERT INTO mozi VALUES(34,'Sambhala Tibet központ',1088,'Lírinc pap tír 2.',2668084);
INSERT INTO mozi VALUES(35,'Science Park',1117,'Irínyi József u. 4.-20.',NULL);
INSERT INTO mozi VALUES(36,'Szimpla Kert Mozi',1075,'Kazinczy u. 14.',3215880);
INSERT INTO mozi VALUES(37,'Szindbád',1137,'Szent István krt. 16.',3492773);
INSERT INTO mozi VALUES(38,'Tabán',1016,'Krisztina krt. 87-89.',3568162);
INSERT INTO mozi VALUES(39,'Toldi',1054,'Bajcsy-Zsilinszky út 36-38.',4720397);
INSERT INTO mozi VALUES(40,'Tűzraktír',1094,'Tűzoltó u. 54-56',NULL);
INSERT INTO mozi VALUES(41,'Uránia Nemzeti FilmszínHáz',1088,'Rákóczi út 21.',4863413);
INSERT INTO mozi VALUES(42,'Vírásmarty',1075,'Üllői út 4.',3174542);
COMMIT;
